Workbook

Sheet 优先级总表
A1: 长期账号系列选题优先级（70条）
A2: 排序为长期运营战略顺序；综合分用于辅助判断。权重：流量入口30%｜涨粉25%｜账号认知20%｜系列延展15%｜商业衔接10%。
A4: 长期运营顺序 | B4: 优先级等级 | C4: 系列 | D4: 具体问题 | E4: 标题 | F4: 流量入口 | G4: 涨粉潜力 | H4: 认知建立 | I4: 系列延展 | J4: 商业衔接 | K4: 综合分 | L4: 推荐用途 | M4: 阶段建议
A5: 1 | B5: =IF(A5<=20,"A｜前期核心",IF(A5<=45,"B｜中段建设","C｜体系深化")) -> A｜前期核心 | C5: 认知 | D5: 为什么分析别人的关系容易，分析自己的关系却容易失准？ | E5: 为什么别人的关系你一眼就能看懂，轮到自己却总有无数种解释？ | F5: 5 | G5: 5 | H5: 5 | I5: 5 | J5: 4 | K5: =F5*6+G5*5+H5*4+I5*3+J5*2 -> 98 | L5: 流量+涨粉核心 | M5: =IF(A5<=20,"前期高频测试",IF(A5<=45,"前中期穿插","中后期逐步增加")) -> 前期高频测试
A6: 2 | B6: =IF(A6<=20,"A｜前期核心",IF(A6<=45,"B｜中段建设","C｜体系深化")) -> A｜前期核心 | C6: 吸引 | D6: 为什么理性标准和实际吸引经常不完全一致？ | E6: 为什么一个人越符合你的标准，你反而越可能没有感觉？ | F6: 5 | G6: 5 | H6: 4 | I6: 4 | J6: 3 | K6: =F6*6+G6*5+H6*4+I6*3+J6*2 -> 89 | L6: 流量+涨粉核心 | M6: =IF(A6<=20,"前期高频测试",IF(A6<=45,"前中期穿插","中后期逐步增加")) -> 前期高频测试
A7: 3 | B7: =IF(A7<=20,"A｜前期核心",IF(A7<=45,"B｜中段建设","C｜体系深化")) -> A｜前期核心 | C7: 吸引 | D7: 为什么不确定性容易持续占据注意力？ | E7: 让人反复想起一个人的，究竟是喜欢，还是一直没有得到答案？ | F7: 5 | G7: 5 | H7: 5 | I7: 5 | J7: 4 | K7: =F7*6+G7*5+H7*4+I7*3+J7*2 -> 98 | L7: 流量+涨粉核心 | M7: =IF(A7<=20,"前期高频测试",IF(A7<=45,"前中期穿插","中后期逐步增加")) -> 前期高频测试
A8: 4 | B8: =IF(A8<=20,"A｜前期核心",IF(A8<=45,"B｜中段建设","C｜体系深化")) -> A｜前期核心 | C8: 互动 | D8: 为什么双方每一个行为单独看都合理，组合起来却可能出现坏结果？ | E8: 两个人都没有恶意，为什么仍然可以一起制造一段很累的关系？ | F8: 5 | G8: 5 | H8: 5 | I8: 5 | J8: 4 | K8: =F8*6+G8*5+H8*4+I8*3+J8*2 -> 98 | L8: 流量+涨粉核心 | M8: =IF(A8<=20,"前期高频测试",IF(A8<=45,"前中期穿插","中后期逐步增加")) -> 前期高频测试
A9: 5 | B9: =IF(A9<=20,"A｜前期核心",IF(A9<=45,"B｜中段建设","C｜体系深化")) -> A｜前期核心 | C9: 结构 | D9: 为什么当初的吸引特征后来可能成为冲突来源？ | E9: 你后来最受不了的地方，为什么有时正是最初喜欢他的理由？ | F9: 5 | G9: 5 | H9: 5 | I9: 5 | J9: 4 | K9: =F9*6+G9*5+H9*4+I9*3+J9*2 -> 98 | L9: 流量+涨粉核心 | M9: =IF(A9<=20,"前期高频测试",IF(A9<=45,"前中期穿插","中后期逐步增加")) -> 前期高频测试
A10: 6 | B10: =IF(A10<=20,"A｜前期核心",IF(A10<=45,"B｜中段建设","C｜体系深化")) -> A｜前期核心 | C10: 选择 | D10: 为什么知道不合适仍然可能选择留下？ | E10: “我知道这段关系不适合”为什么离“我要离开”还有那么远？ | F10: 5 | G10: 5 | H10: 5 | I10: 5 | J10: 5 | K10: =F10*6+G10*5+H10*4+I10*3+J10*2 -> 100 | L10: 流量+涨粉核心 | M10: =IF(A10<=20,"前期高频测试",IF(A10<=45,"前中期穿插","中后期逐步增加")) -> 前期高频测试
A11: 7 | B11: =IF(A11<=20,"A｜前期核心",IF(A11<=45,"B｜中段建设","C｜体系深化")) -> A｜前期核心 | C11: 循环 | D11: 为什么人容易反复被某类特征吸引？ | E11: 我们一次次喜欢上的，到底是不同的人，还是某种熟悉的感觉？ | F11: 5 | G11: 5 | H11: 5 | I11: 5 | J11: 4 | K11: =F11*6+G11*5+H11*4+I11*3+J11*2 -> 98 | L11: 流量+涨粉核心 | M11: =IF(A11<=20,"前期高频测试",IF(A11<=45,"前中期穿插","中后期逐步增加")) -> 前期高频测试
A12: 8 | B12: =IF(A12<=20,"A｜前期核心",IF(A12<=45,"B｜中段建设","C｜体系深化")) -> A｜前期核心 | C12: 认知 | D12: 为什么告诉别人自己的判断标准，会改变后来收集到的信息？ | E12: 越会筛选人，越容易筛出“会考试”的人 | F12: 5 | G12: 5 | H12: 5 | I12: 5 | J12: 5 | K12: =F12*6+G12*5+H12*4+I12*3+J12*2 -> 100 | L12: 流量+涨粉核心 | M12: =IF(A12<=20,"前期高频测试",IF(A12<=45,"前中期穿插","中后期逐步增加")) -> 前期高频测试
A13: 9 | B13: =IF(A13<=20,"A｜前期核心",IF(A13<=45,"B｜中段建设","C｜体系深化")) -> A｜前期核心 | C13: 吸引 | D13: 第一眼吸引和长期吸引依赖的是不是同一组东西？ | E13: 让你一眼喜欢上的东西，为什么可能恰好不是让你喜欢很多年的东西？ | F13: 5 | G13: 5 | H13: 5 | I13: 5 | J13: 4 | K13: =F13*6+G13*5+H13*4+I13*3+J13*2 -> 98 | L13: 流量+涨粉核心 | M13: =IF(A13<=20,"前期高频测试",IF(A13<=45,"前中期穿插","中后期逐步增加")) -> 前期高频测试
A14: 10 | B14: =IF(A14<=20,"A｜前期核心",IF(A14<=45,"B｜中段建设","C｜体系深化")) -> A｜前期核心 | C14: 认知 | D14: 为什么“解释很合理”不能直接等于判断可靠？ | E14: 最难判断的人，有时不是没有解释的人，而是什么都解释得通的人 | F14: 5 | G14: 5 | H14: 5 | I14: 5 | J14: 5 | K14: =F14*6+G14*5+H14*4+I14*3+J14*2 -> 100 | L14: 流量+涨粉核心 | M14: =IF(A14<=20,"前期高频测试",IF(A14<=45,"前中期穿插","中后期逐步增加")) -> 前期高频测试
A15: 11 | B15: =IF(A15<=20,"A｜前期核心",IF(A15<=45,"B｜中段建设","C｜体系深化")) -> A｜前期核心 | C15: 互动 | D15: 为什么安抚情绪不能替代解决产生情绪的问题？ | E15: 把一个人哄好了，和把一段关系修好了，为什么是两回事？ | F15: 5 | G15: 5 | H15: 5 | I15: 5 | J15: 5 | K15: =F15*6+G15*5+H15*4+I15*3+J15*2 -> 100 | L15: 流量+涨粉核心 | M15: =IF(A15<=20,"前期高频测试",IF(A15<=45,"前中期穿插","中后期逐步增加")) -> 前期高频测试
A16: 12 | B16: =IF(A16<=20,"A｜前期核心",IF(A16<=45,"B｜中段建设","C｜体系深化")) -> A｜前期核心 | C16: 选择 | D16: 为什么有些人需要一个完整解释，才允许自己结束关系？ | E16: 我们真正舍不得的，有时不是一个人，而是一个还没有被解释清楚的故事 | F16: 5 | G16: 5 | H16: 5 | I16: 5 | J16: 5 | K16: =F16*6+G16*5+H16*4+I16*3+J16*2 -> 100 | L16: 流量+涨粉核心 | M16: =IF(A16<=20,"前期高频测试",IF(A16<=45,"前中期穿插","中后期逐步增加")) -> 前期高频测试
... A74: 70 | B74: =IF(A74<=20,"A｜前期核心",IF(A74<=45,"B｜中段建设","C｜体系深化")) -> C｜体系深化 | C74: 选择 | D74: 为什么真正困难的选择一定包含损失？ | E74: 成熟的选择，可能不是找到最好的答案，而是接受没有任何答案能让你什么都不失去 | F74: 4 | G74: 5 | H74: 5 | I74: 5 | J74: 4 | K74: =F74*6+G74*5+H74*4+I74*3+J74*2 -> 92 | L74: 体系深化 | M74: =IF(A74<=20,"前期高频测试",IF(A74<=45,"前中期穿插","中后期逐步增加")) -> 中后期逐步增加

Sheet 运营总览
A1: 长期账号运营总览
A3: 评分维度 | B3: 权重 | D3: 系列 | E3: 选题数 | F3: 平均综合分 | G3: A类数量 | H3: B类数量 | I3: C类数量
A4: 流量入口 | B4: 30% | D4: 个体 | E4: =COUNTIF(优先级总表!$C$5:$C$74,D4) -> 10 | F4: =AVERAGEIF(优先级总表!$C$5:$C$74,D4,优先级总表!$K$5:$K$74) -> 88.3 | G4: =COUNTIFS(优先级总表!$C$5:$C$74,D4,优先级总表!$B$5:$B$74,"A*") -> 1 | H4: =COUNTIFS(优先级总表!$C$5:$C$74,D4,优先级总表!$B$5:$B$74,"B*") -> 1 | I4: =COUNTIFS(优先级总表!$C$5:$C$74,D4,优先级总表!$B$5:$B$74,"C*") -> 8
A5: 涨粉潜力 | B5: 25% | D5: 吸引 | E5: =COUNTIF(优先级总表!$C$5:$C$74,D5) -> 10 | F5: =AVERAGEIF(优先级总表!$C$5:$C$74,D5,优先级总表!$K$5:$K$74) -> 92.9 | G5: =COUNTIFS(优先级总表!$C$5:$C$74,D5,优先级总表!$B$5:$B$74,"A*") -> 4 | H5: =COUNTIFS(优先级总表!$C$5:$C$74,D5,优先级总表!$B$5:$B$74,"B*") -> 3 | I5: =COUNTIFS(优先级总表!$C$5:$C$74,D5,优先级总表!$B$5:$B$74,"C*") -> 3
A6: 账号认知建立 | B6: 20% | D6: 认知 | E6: =COUNTIF(优先级总表!$C$5:$C$74,D6) -> 10 | F6: =AVERAGEIF(优先级总表!$C$5:$C$74,D6,优先级总表!$K$5:$K$74) -> 96.7 | G6: =COUNTIFS(优先级总表!$C$5:$C$74,D6,优先级总表!$B$5:$B$74,"A*") -> 4 | H6: =COUNTIFS(优先级总表!$C$5:$C$74,D6,优先级总表!$B$5:$B$74,"B*") -> 5 | I6: =COUNTIFS(优先级总表!$C$5:$C$74,D6,优先级总表!$B$5:$B$74,"C*") -> 1
A7: 系列延展/复访 | B7: 15% | D7: 互动 | E7: =COUNTIF(优先级总表!$C$5:$C$74,D7) -> 10 | F7: =AVERAGEIF(优先级总表!$C$5:$C$74,D7,优先级总表!$K$5:$K$74) -> 99.1 | G7: =COUNTIFS(优先级总表!$C$5:$C$74,D7,优先级总表!$B$5:$B$74,"A*") -> 4 | H7: =COUNTIFS(优先级总表!$C$5:$C$74,D7,优先级总表!$B$5:$B$74,"B*") -> 4 | I7: =COUNTIFS(优先级总表!$C$5:$C$74,D7,优先级总表!$B$5:$B$74,"C*") -> 2
A8: 商业衔接 | B8: 10% | D8: 结构 | E8: =COUNTIF(优先级总表!$C$5:$C$74,D8) -> 10 | F8: =AVERAGEIF(优先级总表!$C$5:$C$74,D8,优先级总表!$K$5:$K$74) -> 97.4 | G8: =COUNTIFS(优先级总表!$C$5:$C$74,D8,优先级总表!$B$5:$B$74,"A*") -> 3 | H8: =COUNTIFS(优先级总表!$C$5:$C$74,D8,优先级总表!$B$5:$B$74,"B*") -> 4 | I8: =COUNTIFS(优先级总表!$C$5:$C$74,D8,优先级总表!$B$5:$B$74,"C*") -> 3
D9: 选择 | E9: =COUNTIF(优先级总表!$C$5:$C$74,D9) -> 10 | F9: =AVERAGEIF(优先级总表!$C$5:$C$74,D9,优先级总表!$K$5:$K$74) -> 97.8 | G9: =COUNTIFS(优先级总表!$C$5:$C$74,D9,优先级总表!$B$5:$B$74,"A*") -> 2 | H9: =COUNTIFS(优先级总表!$C$5:$C$74,D9,优先级总表!$B$5:$B$74,"B*") -> 5 | I9: =COUNTIFS(优先级总表!$C$5:$C$74,D9,优先级总表!$B$5:$B$74,"C*") -> 3
D10: 循环 | E10: =COUNTIF(优先级总表!$C$5:$C$74,D10) -> 10 | F10: =AVERAGEIF(优先级总表!$C$5:$C$74,D10,优先级总表!$K$5:$K$74) -> 99 | G10: =COUNTIFS(优先级总表!$C$5:$C$74,D10,优先级总表!$B$5:$B$74,"A*") -> 2 | H10: =COUNTIFS(优先级总表!$C$5:$C$74,D10,优先级总表!$B$5:$B$74,"B*") -> 3 | I10: =COUNTIFS(优先级总表!$C$5:$C$74,D10,优先级总表!$B$5:$B$74,"C*") -> 5
A11: 使用说明：优先级不是“内容质量绝对排名”，而是长期账号启动顺序。前20条优先承担流量与涨粉；21–45条用于建立稳定认知和复访；46–70条用于体系深化。实际发布时应跨系列穿插，避免连续输出同类认知结构。

Sheet 系列说明
A1: 七大长期内容系列
A3: 顺序 | B3: 系列 | C3: 母问题 | D3: 在整体体系中的位置
A4: 1 | B4: 个体 | C4: 我们究竟带着什么进入一段关系？ | D4: 需求、经验、价值排序与自我认知构成关系的初始条件
A5: 2 | B5: 吸引 | C5: 为什么偏偏是这个人进入我们的注意力？ | D5: 个体条件与外界对象相遇后产生吸引与特殊价值
A6: 3 | B6: 认知 | C6: 我们看到的究竟是这个人，还是我们形成的这个人？ | D6: 吸引后开始解释、判断，并产生认知偏差
A7: 4 | B7: 互动 | C7: 两个人如何一步一步改变彼此？ | D7: 判断影响行为，行为引发反馈，形成动态互动
A8: 5 | B8: 结构 | C8: 互动为什么最终会变成一种固定的关系？ | D8: 重复互动沉淀成角色、责任、权力与默认规则
A9: 6 | B9: 选择 | C9: 当关系存在不确定性时，人怎样做决定？ | D9: 在既有结构中做继续、改变、等待或退出选择
A10: 7 | B10: 循环 | C10: 为什么换了一个人，却又可能走进相似的关系？ | D10: 上一段关系形成的经验再次塑造下一轮个体、吸引与判断
